{
  "source": "graphs/n12/misr_filtered_000.json",
  "Hp_aug": [
    1,
    2,
    13,
    3,
    4,
    5,
    6,
    4,
    6,
    7,
    8,
    8,
    2,
    9,
    10,
    3,
    11,
    13,
    9,
    11,
    15,
    12,
    12,
    1,
    7,
    5,
    10,
    14,
    14,
    16,
    15,
    16
  ],
  "Vp_aug": [
    8,
    1,
    6,
    11,
    12,
    13,
    1,
    10,
    3,
    3,
    10,
    4,
    9,
    14,
    6,
    11,
    5,
    5,
    2,
    8,
    13,
    7,
    2,
    4,
    15,
    12,
    7,
    9,
    16,
    14,
    15,
    0,
    16
  ],
  "added_rects": [
    {
      "id": 13,
      "hx1": 2,
      "hx2": 17,
      "vy1": 5,
      "vy2": 20
    },
    {
      "id": 14,
      "hx1": 27,
      "hx2": 28,
      "vy1": 13,
      "vy2": 29
    },
    {
      "id": 15,
      "hx1": 20,
      "hx2": 30,
      "vy1": 24,
      "vy2": 30
    },
    {
      "id": 16,
      "hx1": 29,
      "hx2": 31,
      "vy1": 28,
      "vy2": 32
    }
  ],
  "lp_search": 8.0,
  "ilp_search": 6.0,
  "ratio_search": 1.3333333333333333,
  "lp_verify": 8.0,
  "ilp_verify": 6.0,
  "ratio_verify": 1.3333333333333333,
  "params": {
    "K": 4,
    "iters": 1,
    "c_uct": 1.0,
    "max_cands": 64,
    "allow_extend": true,
    "seed": 42,
    "target_ratio": 1.59,
    "workers": 8,
    "rollouts_per_iter": 4,
    "worker_gurobi_threads": 1,
    "use_mps": true,
    "use_cuda": false,
    "output_flag": 0
  }
}